# z [m], Vert Contrast, Horz Contrast, Vert Period [m], Horz Period [m]
0.009, 0.029380351, 0.040254039, 1.4983476e-06, 1.4962162e-06
0.017, 0.0082515011, 0.0091957444, 1.4983476e-06, 1.4962162e-06
0.025, 0.036743291, 0.04618451, 1.4983476e-06, 1.4983476e-06
0.033, 0.0075191709, 0.0097085255, 1.4983476e-06, 1.4983476e-06
0.041, 0.03247121, 0.042992487, 1.4983476e-06, 1.4983476e-06
0.049, 0.018616886, 0.024185115, 1.4983476e-06, 1.4983476e-06
0.057, 0.022213562, 0.030521674, 1.4983476e-06, 1.4983476e-06
0.065, 0.026603292, 0.037463074, 1.4983476e-06, 1.4983476e-06
0.073, 0.011863121, 0.015781512, 1.500485e-06, 1.4983476e-06
0.081, 0.030168978, 0.039130519, 1.500485e-06, 1.500485e-06
0.089, 0.0072949757, 0.0079992911, 1.500485e-06, 1.500485e-06
0.097, 0.03284697, 0.044131757, 1.500485e-06, 1.500485e-06
0.105, 0.012264775, 0.016265594, 1.500485e-06, 1.500485e-06
0.113, 0.027510373, 0.037296075, 1.500485e-06, 1.500485e-06
0.121, 0.020379994, 0.026497855, 1.500485e-06, 1.500485e-06
0.129, 0.017577387, 0.023222136, 1.500485e-06, 1.500485e-06
0.137, 0.029908017, 0.040356582, 1.5026286e-06, 1.5026286e-06
0.145, 0.0068258769, 0.0088642315, 1.5026286e-06, 1.5026286e-06
0.153, 0.030711863, 0.04104766, 1.5026286e-06, 1.5026286e-06
0.161, 0.007010048, 0.0084505191, 1.5026286e-06, 1.5026286e-06
0.169, 0.028749895, 0.038710339, 1.5026286e-06, 1.5026286e-06
0.177, 0.016325726, 0.021931981, 1.5026286e-06, 1.5026286e-06
0.185, 0.021341198, 0.028093002, 1.5026286e-06, 1.5026286e-06
0.193, 0.022293869, 0.030610573, 1.5047783e-06, 1.5047783e-06
0.201, 0.012139136, 0.016259191, 1.5047783e-06, 1.5047783e-06
0.209, 0.030345708, 0.04190819, 1.5047783e-06, 1.5047783e-06
0.217, 0.0012410947, 0.0011352922, 1.5026286e-06, 1.5026286e-06
0.225, 0.028756426, 0.038268965, 1.5047783e-06, 1.5047783e-06
0.233, 0.010528459, 0.013467835, 1.5047783e-06, 1.5047783e-06
0.241, 0.023295032, 0.03000023, 1.5047783e-06, 1.5047783e-06
0.249, 0.0191986, 0.02869925, 1.5047783e-06, 1.5069341e-06
0.257, 0.013855025, 0.019479083, 1.5047783e-06, 1.5069341e-06
0.265, 0.025266068, 0.034931003, 1.5069341e-06, 1.5069341e-06
0.273, 0.0068420492, 0.0085375255, 1.5069341e-06, 1.5069341e-06
0.281, 0.028571301, 0.038162102, 1.5069341e-06, 1.5069341e-06
0.289, 0.005339644, 0.0086473046, 1.5069341e-06, 1.5090961e-06
0.297, 0.024604229, 0.030189242, 1.5069341e-06, 1.5069341e-06
0.305, 0.014754836, 0.020563804, 1.5069341e-06, 1.5090961e-06
0.313, 0.017971077, 0.02233375, 1.5069341e-06, 1.5090961e-06
0.321, 0.025036494, 0.034696978, 1.5090961e-06, 1.5090961e-06
0.329, 0.0079359714, 0.0097887148, 1.5090961e-06, 1.5090961e-06
0.337, 0.027693474, 0.034340256, 1.5090961e-06, 1.5090961e-06
0.345, 0.0062683746, 0.0064006521, 1.5090961e-06, 1.5090961e-06
0.353, 0.027763134, 0.031621284, 1.5090961e-06, 1.5090961e-06
0.361, 0.013946453, 0.020316798, 1.5090961e-06, 1.5112644e-06
0.369, 0.020886417, 0.024633694, 1.5090961e-06, 1.5112644e-06
0.377, 0.020319149, 0.027553749, 1.5112644e-06, 1.5112644e-06
0.385, 0.011166097, 0.013314564, 1.5090961e-06, 1.5112644e-06
0.393, 0.029472479, 0.036103985, 1.5112644e-06, 1.5112644e-06
0.401, 0.001614094, 0.0023960275, 1.5090961e-06, 1.5156196e-06
0.409, 0.028061666, 0.031123903, 1.5112644e-06, 1.5112644e-06
0.417, 0.010551071, 0.014978196, 1.5112644e-06, 1.5134388e-06
0.425, 0.022572583, 0.025210232, 1.5112644e-06, 1.5134388e-06
0.433, 0.020215321, 0.029263893, 1.5112644e-06, 1.5134388e-06
0.441, 0.013487073, 0.014730411, 1.5112644e-06, 1.5134388e-06
0.449, 0.025128096, 0.031305136, 1.5134388e-06, 1.5134388e-06
0.457, 0.0063930705, 0.0061319356, 1.5134388e-06, 1.5134388e-06
0.465, 0.028462179, 0.031150637, 1.5134388e-06, 1.5134388e-06
0.473, 0.0084653433, 0.014331048, 1.5134388e-06, 1.5156196e-06
0.481, 0.023031614, 0.025317692, 1.5134388e-06, 1.5156196e-06
0.489, 0.016710649, 0.023058726, 1.5134388e-06, 1.5156196e-06
0.497, 0.014117413, 0.014939078, 1.5134388e-06, 1.5156196e-06
0.505, 0.024358101, 0.031590327, 1.5156196e-06, 1.5156196e-06
0.513, 0.0042653014, 0.0026554707, 1.5134388e-06, 1.5134388e-06
0.521, 0.025098059, 0.027767236, 1.5156196e-06, 1.5156196e-06
0.529, 0.0082386143, 0.012255392, 1.5156196e-06, 1.5178066e-06
0.537, 0.023736862, 0.023764914, 1.5156196e-06, 1.5178066e-06
0.545, 0.017149314, 0.024122739, 1.5156196e-06, 1.5178066e-06
0.553, 0.015363605, 0.014326638, 1.5156196e-06, 1.5178066e-06
0.561, 0.02066513, 0.026324043, 1.5178066e-06, 1.5178066e-06
0.569, 0.0063401989, 0.0056516822, 1.5156196e-06, 1.5178066e-06
0.577, 0.024706101, 0.027116605, 1.5178066e-06, 1.5178066e-06
0.585, 0.0068919724, 0.012675818, 1.5178066e-06, 1.52e-06
0.593, 0.022289792, 0.021557492, 1.5178066e-06, 1.52e-06
0.601, 0.016241949, 0.020999705, 1.5178066e-06, 1.52e-06
0.609, 0.015198725, 0.013091949, 1.5178066e-06, 1.52e-06
0.617, 0.023356433, 0.028605508, 1.5178066e-06, 1.52e-06
0.625, 0.0049497211, 0.0024881451, 1.5178066e-06, 1.5178066e-06
0.633, 0.022824435, 0.024336955, 1.52e-06, 1.52e-06
0.641, 0.0077184334, 0.01136139, 1.52e-06, 1.5221997e-06
0.649, 0.020618721, 0.018501518, 1.52e-06, 1.5221997e-06
0.657, 0.017032653, 0.022223488, 1.52e-06, 1.5221997e-06
0.665, 0.013856256, 0.010461889, 1.52e-06, 1.5221997e-06
0.673, 0.020424291, 0.023470896, 1.52e-06, 1.5221997e-06
0.681, 0.0059841024, 0.0047095094, 1.52e-06, 1.5221997e-06
0.689, 0.022744643, 0.023819333, 1.52e-06, 1.5221997e-06
0.697, 0.0075349233, 0.012714363, 1.5221997e-06, 1.5244058e-06
0.705, 0.019180044, 0.016883758, 1.5221997e-06, 1.5221997e-06
0.713, 0.015441004, 0.018771968, 1.5221997e-06, 1.5244058e-06
0.721, 0.012440607, 0.0087425485, 1.5221997e-06, 1.5244058e-06
0.729, 0.021640624, 0.023668127, 1.5221997e-06, 1.5244058e-06
0.737, 0.0031522688, 0.0036212639, 1.5221997e-06, 1.5266183e-06
0.745, 0.020287091, 0.020534285, 1.5221997e-06, 1.5244058e-06
0.753, 0.0082777223, 0.011881059, 1.5244058e-06, 1.5266183e-06
0.761, 0.016355767, 0.013900695, 1.5244058e-06, 1.5244058e-06
0.769, 0.016315524, 0.019881223, 1.5244058e-06, 1.5266183e-06
0.777, 0.010047405, 0.0062338426, 1.5244058e-06, 1.5244058e-06
0.785, 0.019149288, 0.020178551, 1.5244058e-06, 1.5266183e-06
0.793, 0.0047291571, 0.0053644736, 1.5244058e-06, 1.5288372e-06
0.801, 0.019688132, 0.018073143, 1.5244058e-06, 1.5266183e-06
0.809, 0.0093868651, 0.013735378, 1.5266183e-06, 1.5288372e-06
0.817, 0.01483764, 0.011977183, 1.5244058e-06, 1.5266183e-06
0.825, 0.015188267, 0.017553312, 1.5266183e-06, 1.5288372e-06
0.833, 0.0080544456, 0.0048443978, 1.5266183e-06, 1.5266183e-06
0.841, 0.019766725, 0.019425134, 1.5266183e-06, 1.5288372e-06
0.849, 0.0028154296, 0.0073920389, 1.5288372e-06, 1.5310626e-06
0.857, 0.017524441, 0.01529262, 1.5266183e-06, 1.5288372e-06
0.865, 0.0095847517, 0.012420683, 1.5288372e-06, 1.5310626e-06
0.873, 0.012808495, 0.0088765008, 1.5266183e-06, 1.5288372e-06
0.881, 0.016982707, 0.018178339, 1.5288372e-06, 1.5310626e-06
0.889, 0.0060691998, 0.0023846053, 1.5266183e-06, 1.5288372e-06
0.897, 0.018070387, 0.016628697, 1.5288372e-06, 1.5310626e-06
0.905, 0.0045844986, 0.0077006064, 1.5288372e-06, 1.5332945e-06
0.913, 0.016809812, 0.01241026, 1.5288372e-06, 1.5310626e-06
0.921, 0.011258136, 0.014087098, 1.5310626e-06, 1.5332945e-06
0.929, 0.01079763, 0.0058684282, 1.5288372e-06, 1.5310626e-06
0.937, 0.01465231, 0.014686492, 1.5310626e-06, 1.5332945e-06
0.945, 0.0046833327, 0.0035027962, 1.5288372e-06, 1.5355328e-06
0.953, 0.017095857, 0.014087687, 1.5310626e-06, 1.5332945e-06
0.961, 0.0056273673, 0.0090034036, 1.5310626e-06, 1.5332945e-06
0.969, 0.014132417, 0.0093890852, 1.5310626e-06, 1.5332945e-06
0.977, 0.010714301, 0.011872892, 1.5310626e-06, 1.5355328e-06
0.985, 0.0085519815, 0.0040136759, 1.5310626e-06, 1.5332945e-06
0.993, 0.015386395, 0.013655318, 1.5310626e-06, 1.5355328e-06
1.001, 0.0019227881, 0.0050463286, 1.5355328e-06, 1.5355328e-06
1.009, 0.014053122, 0.010793083, 1.5332945e-06, 1.5355328e-06
1.017, 0.0076482574, 0.0095584542, 1.5332945e-06, 1.5355328e-06
1.025, 0.011136916, 0.0062426722, 1.5332945e-06, 1.5355328e-06
1.033, 0.012669726, 0.011986917, 1.5332945e-06, 1.5355328e-06
1.041, 0.005187535, 0.0025069374, 1.5332945e-06, 1.5400293e-06
1.049, 0.013957245, 0.010264432, 1.5332945e-06, 1.5377778e-06
1.057, 0.0042033415, 0.0069218311, 1.5355328e-06, 1.5377778e-06
1.065, 0.012698844, 0.0078066674, 1.5332945e-06, 1.5377778e-06
1.073, 0.0097553999, 0.010945348, 1.5355328e-06, 1.5377778e-06
1.081, 0.0081953614, 0.0030748298, 1.5332945e-06, 1.5355328e-06
1.089, 0.013183112, 0.010772056, 1.5355328e-06, 1.5377778e-06
1.097, 0.0036636387, 0.004236276, 1.5355328e-06, 1.5400293e-06
1.105, 0.014215788, 0.0090693046, 1.5355328e-06, 1.5377778e-06
1.113, 0.0057098509, 0.0085612574, 1.5377778e-06, 1.5400293e-06
1.121, 0.010248512, 0.004979812, 1.5355328e-06, 1.5377778e-06
1.129, 0.0094729368, 0.0097030281, 1.5377778e-06, 1.5400293e-06
1.137, 0.0058466299, 0.0021752774, 1.5355328e-06, 1.5422874e-06
1.145, 0.013115184, 0.0095502752, 1.5377778e-06, 1.5400293e-06
1.153, 0.0026751183, 0.0060483281, 1.5400293e-06, 1.5422874e-06
1.161, 0.011827446, 0.0066195298, 1.5377778e-06, 1.5400293e-06
1.169, 0.0066180047, 0.0084248305, 1.5377778e-06, 1.5422874e-06
1.177, 0.008386446, 0.0032028296, 1.5377778e-06, 1.5400293e-06
1.185, 0.010833622, 0.0091830277, 1.5400293e-06, 1.5422874e-06
1.193, 0.0031482957, 0.0038580672, 1.5377778e-06, 1.5445521e-06
1.201, 0.010958015, 0.0070344516, 1.5400293e-06, 1.5422874e-06
1.209, 0.0045974994, 0.0065471489, 1.5400293e-06, 1.5445521e-06
1.217, 0.0096236311, 0.004150797, 1.5400293e-06, 1.5422874e-06
1.225, 0.0091773205, 0.0083969441, 1.5400293e-06, 1.5445521e-06
1.233, 0.0051690166, 0.0022986181, 1.5400293e-06, 1.5468235e-06
1.241, 0.010298069, 0.0071096862, 1.5400293e-06, 1.5445521e-06
1.249, 0.0027504203, 0.004505443, 1.5422874e-06, 1.5445521e-06
1.257, 0.0098448745, 0.0051965988, 1.5400293e-06, 1.5445521e-06
1.265, 0.0070099431, 0.0066336048, 1.5422874e-06, 1.5445521e-06
1.273, 0.0064794641, 0.0016807525, 1.5400293e-06, 1.5445521e-06
1.281, 0.0090184604, 0.0063327113, 1.5422874e-06, 1.5468235e-06
1.289, 0.0028996696, 0.0033295192, 1.5400293e-06, 1.5468235e-06
1.297, 0.010340336, 0.0050497789, 1.5422874e-06, 1.5468235e-06
1.305, 0.0044772085, 0.0058046404, 1.5445521e-06, 1.5468235e-06
1.313, 0.0081156401, 0.0025830405, 1.5422874e-06, 1.5445521e-06
1.321, 0.0074636867, 0.0060526293, 1.5445521e-06, 1.5468235e-06
1.329, 0.0046478444, 0.0023370977, 1.5422874e-06, 1.5491016e-06
1.337, 0.0099888582, 0.0054378971, 1.5445521e-06, 1.5468235e-06
1.345, 0.0025692536, 0.0049533466, 1.5468235e-06, 1.5491016e-06
1.353, 0.0084338429, 0.0029783185, 1.5445521e-06, 1.5468235e-06
1.361, 0.0052587596, 0.0054398122, 1.5445521e-06, 1.5491016e-06
1.369, 0.0056513157, 0.0014685535, 1.5445521e-06, 1.5513864e-06
1.377, 0.0080099238, 0.0052989161, 1.5445521e-06, 1.5491016e-06
1.385, 0.00180409, 0.0039308768, 1.5445521e-06, 1.5513864e-06
1.393, 0.0076631781, 0.0035788239, 1.5468235e-06, 1.5491016e-06
1.401, 0.0042652891, 0.0046941922, 1.5468235e-06, 1.5513864e-06
1.409, 0.0060537281, 0.0016071259, 1.5468235e-06, 1.5491016e-06
1.417, 0.007221325, 0.004946604, 1.5468235e-06, 1.5513864e-06
1.425, 0.002650586, 0.0028056213, 1.5445521e-06, 1.553678e-06
1.433, 0.0075273217, 0.0036749923, 1.5468235e-06, 1.5513864e-06
1.441, 0.0030201658, 0.0038655228, 1.5491016e-06, 1.553678e-06
1.449, 0.0062939254, 0.0019734996, 1.5468235e-06, 1.5513864e-06
1.457, 0.0062673479, 0.0042185289, 1.5491016e-06, 1.553678e-06
1.465, 0.0040996088, 0.0019953238, 1.5468235e-06, 1.5559763e-06
1.473, 0.0070694816, 0.0034684755, 1.5491016e-06, 1.553678e-06
1.481, 0.0021392805, 0.0032036597, 1.5513864e-06, 1.553678e-06
1.489, 0.0069230173, 0.002017325, 1.5491016e-06, 1.553678e-06
1.497, 0.0047824244, 0.004128707, 1.5513864e-06, 1.553678e-06
1.505, 0.0045465422, 0.0010604936, 1.5491016e-06, 1.5582815e-06
1.513, 0.0060425851, 0.0033989389, 1.5513864e-06, 1.553678e-06
1.521, 0.0019904726, 0.0028424836, 1.5491016e-06, 1.5559763e-06
1.529, 0.0063885744, 0.0021914941, 1.5513864e-06, 1.553678e-06
1.537, 0.0032630836, 0.0038188091, 1.5513864e-06, 1.5559763e-06
1.545, 0.0048035725, 0.0009136053, 1.5513864e-06, 1.5582815e-06
1.553, 0.0051695767, 0.0032809118, 1.5513864e-06, 1.5559763e-06
1.561, 0.0023782339, 0.0022403849, 1.5513864e-06, 1.5582815e-06
1.569, 0.0057724906, 0.0022993808, 1.5513864e-06, 1.5559763e-06
1.577, 0.002492718, 0.0030887831, 1.553678e-06, 1.5582815e-06
1.585, 0.0044064263, 0.00086033989, 1.5513864e-06, 1.5559763e-06
1.593, 0.0043167384, 0.0029706944, 1.553678e-06, 1.5582815e-06
1.601, 0.0026533232, 0.0017248937, 1.5513864e-06, 1.5605935e-06
1.609, 0.0053527811, 0.0021406951, 1.553678e-06, 1.5582815e-06
1.617, 0.0017940658, 0.0026533829, 1.5559763e-06, 1.5605935e-06
1.625, 0.0040956859, 0.00078265499, 1.553678e-06, 1.5559763e-06
1.633, 0.0034900743, 0.0023595516, 1.5559763e-06, 1.5605935e-06
1.641, 0.0027029441, 0.0014421525, 1.553678e-06, 1.5605935e-06
1.649, 0.0045560342, 0.0021057449, 1.5559763e-06, 1.5582815e-06
1.657, 0.001188588, 0.0023810413, 1.5582815e-06, 1.5605935e-06
1.665, 0.004019057, 0.00078555858, 1.5559763e-06, 1.5582815e-06
1.673, 0.0027023011, 0.0024478321, 1.5559763e-06, 1.5605935e-06
1.681, 0.003104216, 0.0011452856, 1.5559763e-06, 1.5629123e-06
1.689, 0.0040623093, 0.001770163, 1.5559763e-06, 1.5605935e-06
1.697, 0.0010662697, 0.0018342844, 1.553678e-06, 1.5629123e-06
